<application>
  <component name="FileTypeManager" version="17">
    <extensionMap>
      <mapping ext="plugin" type="ARCHIVE" />
      <mapping pattern="ThirdPartyConfig" type="CLASS" />
      <mapping pattern="xab" type="PLAIN_TEXT" />
      <mapping pattern="fastaccess-public" type="PLAIN_TEXT" />
      <mapping ext="flat" type="PLAIN_TEXT" />
      <mapping ext="fnc" type="DBN-PSQL" />
      <mapping ext="pkb" type="DBN-PSQL" />
      <mapping ext="pkg" type="DBN-PSQL" />
      <mapping ext="pks" type="DBN-PSQL" />
      <mapping ext="prc" type="DBN-PSQL" />
      <mapping ext="tpb" type="DBN-PSQL" />
      <mapping ext="tpe" type="DBN-PSQL" />
      <mapping ext="tps" type="DBN-PSQL" />
      <mapping ext="trg" type="DBN-PSQL" />
      <mapping ext="vw" type="DBN-SQL" />
    </extensionMap>
  </component>
</application>