<application>
  <component name="ProjectManager">
    <defaultProject>
      <component name="AndroidDexCompilerConfiguration">
        <option name="MAX_HEAP_SIZE" value="1700" />
      </component>
      <component name="CMakeSettings">
        <configurations>
          <configuration PROFILE_NAME="Debug" CONFIG_NAME="Debug" />
        </configurations>
      </component>
      <component name="CompilerConfiguration">
        <wildcardResourcePatterns>
          <entry name="!?*.java" />
          <entry name="!?*.form" />
          <entry name="!?*.class" />
          <entry name="!?*.groovy" />
          <entry name="!?*.scala" />
          <entry name="!?*.flex" />
          <entry name="!?*.kt" />
          <entry name="!?*.clj" />
        </wildcardResourcePatterns>
        <annotationProcessing>
          <profile default="true" name="Default" enabled="true" />
        </annotationProcessing>
        <bytecodeTargetLevel target="1.7" />
      </component>
      <component name="CompilerWorkspaceConfiguration">
        <option name="PARALLEL_COMPILATION" value="true" />
      </component>
      <component name="Encoding">
        <file url="PROJECT" charset="UTF-8" />
      </component>
      <component name="GradleLocalSettings">
        <option name="modificationStamps">
          <map>
            <entry key="D:/SourcesMobile/trunk/BlackDragonRiver" value="1430883500353" />
            <entry key="D:/github/PullZoomView/PullToZoomView" value="2851158913515" />
            <entry key="D:/github/StickExpandListHead" value="5705215004464" />
          </map>
        </option>
      </component>
      <component name="JavacSettings">
        <option name="DEPRECATION" value="false" />
      </component>
      <component name="MarkdownNavigator.ProfileManager" plain-text-search-scope="Project Files" />
      <component name="MarkdownProjectSettings" wasCopied="true">
        <PreviewSettings splitEditorLayout="SPLIT" splitEditorPreview="PREVIEW" useGrayscaleRendering="false" zoomFactor="2.0" maxImageWidth="0" showGitHubPageIfSynced="false" allowBrowsingInPreview="false" synchronizePreviewPosition="true" highlightPreviewType="NONE" highlightFadeOut="5" highlightOnTyping="true" synchronizeSourcePosition="true" verticallyAlignSourceAndPreviewSyncPosition="true" showSearchHighlightsInPreview="false" showSelectionInPreview="true" openRemoteLinks="true" replaceUnicodeEmoji="false" lastLayoutSetsDefault="false">
          <PanelProvider>
            <provider providerId="com.vladsch.idea.multimarkdown.editor.swing.html.panel" providerName="Default - Swing" />
          </PanelProvider>
        </PreviewSettings>
        <ParserSettings gitHubSyntaxChange="false" emojiShortcuts="1" emojiImages="0">
          <PegdownExtensions>
            <option name="ABBREVIATIONS" value="false" />
            <option name="ANCHORLINKS" value="true" />
            <option name="ASIDE" value="false" />
            <option name="ATXHEADERSPACE" value="true" />
            <option name="AUTOLINKS" value="true" />
            <option name="DEFINITIONS" value="false" />
            <option name="DEFINITION_BREAK_DOUBLE_BLANK_LINE" value="false" />
            <option name="FENCED_CODE_BLOCKS" value="true" />
            <option name="FOOTNOTES" value="false" />
            <option name="HARDWRAPS" value="false" />
            <option name="HTML_DEEP_PARSER" value="false" />
            <option name="INSERTED" value="false" />
            <option name="QUOTES" value="false" />
            <option name="RELAXEDHRULES" value="true" />
            <option name="SMARTS" value="false" />
            <option name="STRIKETHROUGH" value="true" />
            <option name="SUBSCRIPT" value="false" />
            <option name="SUPERSCRIPT" value="false" />
            <option name="SUPPRESS_HTML_BLOCKS" value="false" />
            <option name="SUPPRESS_INLINE_HTML" value="false" />
            <option name="TABLES" value="true" />
            <option name="TASKLISTITEMS" value="true" />
            <option name="TOC" value="false" />
            <option name="WIKILINKS" value="true" />
          </PegdownExtensions>
          <ParserOptions>
            <option name="ADMONITION_EXT" value="false" />
            <option name="ATTRIBUTES_EXT" value="false" />
            <option name="COMMONMARK_LISTS" value="true" />
            <option name="DUMMY" value="false" />
            <option name="EMOJI_SHORTCUTS" value="true" />
            <option name="ENUMERATED_REFERENCES_EXT" value="false" />
            <option name="FLEXMARK_FRONT_MATTER" value="false" />
            <option name="GFM_LOOSE_BLANK_LINE_AFTER_ITEM_PARA" value="false" />
            <option name="GFM_TABLE_RENDERING" value="true" />
            <option name="GITBOOK_URL_ENCODING" value="false" />
            <option name="GITHUB_LISTS" value="false" />
            <option name="GITHUB_WIKI_LINKS" value="true" />
            <option name="GITLAB_EXT" value="false" />
            <option name="GITLAB_MATH_EXT" value="false" />
            <option name="GITLAB_MERMAID_EXT" value="false" />
            <option name="HEADER_ID_NON_ASCII_TO_LOWERCASE" value="false" />
            <option name="HEADER_ID_NO_DUPED_DASHES" value="false" />
            <option name="JEKYLL_FRONT_MATTER" value="false" />
            <option name="MACROS_EXT" value="false" />
            <option name="NO_TEXT_ATTRIBUTES" value="false" />
            <option name="PARSE_HTML_ANCHOR_ID" value="false" />
            <option name="PLANTUML_FENCED_CODE" value="false" />
            <option name="PUML_FENCED_CODE" value="false" />
            <option name="SIM_TOC_BLANK_LINE_SPACER" value="true" />
          </ParserOptions>
        </ParserSettings>
        <HtmlSettings headerTopEnabled="false" headerBottomEnabled="false" bodyTopEnabled="false" bodyBottomEnabled="false" embedUrlContent="false" addPageHeader="true" embedImages="false" embedHttpImages="false" imageUriSerials="false" addDocTypeHtml="true" noParaTags="false" plantUmlConversion="0" mathConversion="-1">
          <GeneratorProvider>
            <provider providerId="com.vladsch.idea.multimarkdown.editor.swing.html.generator" providerName="Default Swing HTML Generator" />
          </GeneratorProvider>
          <headerTop />
          <headerBottom />
          <bodyTop />
          <bodyBottom />
        </HtmlSettings>
        <CssSettings previewScheme="UI_SCHEME" cssUri="" isCssUriEnabled="false" isCssUriSerial="true" isCssTextEnabled="false" isDynamicPageWidth="true">
          <StylesheetProvider>
            <provider providerId="com.vladsch.idea.multimarkdown.editor.swing.html.css" providerName="Default Swing Stylesheet" />
          </StylesheetProvider>
          <ScriptProviders />
          <cssText />
          <cssUriHistory />
        </CssSettings>
        <AnnotatorSettings targetHasSpaces="true" linkCaseMismatch="true" wikiCaseMismatch="true" wikiLinkHasDashes="true" notUnderWikiHome="true" targetNotWikiPageExt="true" notUnderSourceWikiHome="true" targetNameHasAnchor="true" targetPathHasAnchor="true" wikiLinkHasSlash="true" wikiLinkHasSubdir="true" wikiLinkHasOnlyAnchor="true" linkTargetsWikiHasExt="true" linkTargetsWikiHasBadExt="true" notUnderSameRepo="true" targetNotUnderVcs="false" linkNeedsExt="true" linkHasBadExt="true" linkTargetNeedsExt="true" linkTargetHasBadExt="true" wikiLinkNotInWiki="true" imageTargetNotInRaw="true" repoRelativeAcrossVcsRoots="true" multipleWikiTargetsMatch="true" unresolvedLinkReference="true" linkIsIgnored="true" anchorIsIgnored="true" anchorIsUnresolved="true" anchorLineReferenceIsUnresolved="true" anchorLineReferenceFormat="true" anchorHasDuplicates="true" abbreviationDuplicates="true" abbreviationNotUsed="true" attributeIdDuplicateDefinition="true" attributeIdNotUsed="true" footnoteDuplicateDefinition="true" footnoteUnresolved="true" footnoteDuplicates="true" footnoteNotUsed="true" macroDuplicateDefinition="true" macroUnresolved="true" macroDuplicates="true" macroNotUsed="true" referenceDuplicateDefinition="true" referenceUnresolved="true" referenceDuplicates="true" referenceNotUsed="true" referenceUnresolvedNumericId="true" enumRefDuplicateDefinition="true" enumRefUnresolved="true" enumRefDuplicates="true" enumRefNotUsed="true" enumRefLinkUnresolved="true" enumRefLinkDuplicates="true" simTocUpdateNeeded="true" simTocTitleSpaceNeeded="true" />
        <HtmlExportSettings updateOnSave="false" parentDir="" targetDir="" cssDir="css" scriptDir="js" plainHtml="false" imageDir="" copyLinkedImages="false" imageUniquifyType="0" targetPathType="2" targetExt="" useTargetExt="false" noCssNoScripts="false" useElementStyleAttribute="false" linkToExportedHtml="true" exportOnSettingsChange="true" regenerateOnProjectOpen="false" linkFormatType="HTTP_ABSOLUTE" />
        <LinkMapSettings>
          <textMaps />
        </LinkMapSettings>
      </component>
      <component name="ProjectCodeStyleConfiguration">
        <code_scheme name="Project" version="173">
          <codeStyleSettings language="XML">
            <indentOptions>
              <option name="CONTINUATION_INDENT_SIZE" value="4" />
            </indentOptions>
            <arrangement>
              <rules>
                <section>
                  <rule>
                    <match>
                      <AND>
                        <NAME>xmlns:android</NAME>
                        <XML_ATTRIBUTE />
                        <XML_NAMESPACE>^$</XML_NAMESPACE>
                      </AND>
                    </match>
                  </rule>
                </section>
                <section>
                  <rule>
                    <match>
                      <AND>
                        <NAME>xmlns:.*</NAME>
                        <XML_ATTRIBUTE />
                        <XML_NAMESPACE>^$</XML_NAMESPACE>
                      </AND>
                    </match>
                    <order>BY_NAME</order>
                  </rule>
                </section>
                <section>
                  <rule>
                    <match>
                      <AND>
                        <NAME>.*:id</NAME>
                        <XML_ATTRIBUTE />
                        <XML_NAMESPACE>http://schemas.android.com/apk/res/android</XML_NAMESPACE>
                      </AND>
                    </match>
                  </rule>
                </section>
                <section>
                  <rule>
                    <match>
                      <AND>
                        <NAME>.*:name</NAME>
                        <XML_ATTRIBUTE />
                        <XML_NAMESPACE>http://schemas.android.com/apk/res/android</XML_NAMESPACE>
                      </AND>
                    </match>
                  </rule>
                </section>
                <section>
                  <rule>
                    <match>
                      <AND>
                        <NAME>name</NAME>
                        <XML_ATTRIBUTE />
                        <XML_NAMESPACE>^$</XML_NAMESPACE>
                      </AND>
                    </match>
                  </rule>
                </section>
                <section>
                  <rule>
                    <match>
                      <AND>
                        <NAME>style</NAME>
                        <XML_ATTRIBUTE />
                        <XML_NAMESPACE>^$</XML_NAMESPACE>
                      </AND>
                    </match>
                  </rule>
                </section>
                <section>
                  <rule>
                    <match>
                      <AND>
                        <NAME>.*</NAME>
                        <XML_ATTRIBUTE />
                        <XML_NAMESPACE>^$</XML_NAMESPACE>
                      </AND>
                    </match>
                    <order>BY_NAME</order>
                  </rule>
                </section>
                <section>
                  <rule>
                    <match>
                      <AND>
                        <NAME>.*</NAME>
                        <XML_ATTRIBUTE />
                        <XML_NAMESPACE>http://schemas.android.com/apk/res/android</XML_NAMESPACE>
                      </AND>
                    </match>
                    <order>ANDROID_ATTRIBUTE_ORDER</order>
                  </rule>
                </section>
                <section>
                  <rule>
                    <match>
                      <AND>
                        <NAME>.*</NAME>
                        <XML_ATTRIBUTE />
                        <XML_NAMESPACE>.*</XML_NAMESPACE>
                      </AND>
                    </match>
                    <order>BY_NAME</order>
                  </rule>
                </section>
              </rules>
            </arrangement>
          </codeStyleSettings>
        </code_scheme>
      </component>
      <component name="ProjectRootManager" version="2" languageLevel="JDK_1_6" />
      <component name="PropertiesComponent">
        <property name="GoToClass.includeLibraries" value="false" />
        <property name="GoToClass.toSaveIncludeLibraries" value="false" />
        <property name="GoToFile.includeJavaFiles" value="false" />
        <property name="MemberChooser.copyJavadoc" value="false" />
        <property name="MemberChooser.showClasses" value="true" />
        <property name="MemberChooser.sorted" value="false" />
        <property name="android.project.structure.last.selected" value="SDK Location" />
        <property name="android.project.structure.proportion" value="0.15" />
        <property name="android.sdk.path" value="$USER_HOME$/Library/Android/sdk" />
        <property name="options.lastSelected" value="gradle.compiler" />
        <property name="options.searchVisible" value="true" />
        <property name="options.splitter.details.proportions" value="0.2" />
        <property name="options.splitter.main.proportions" value="0.3" />
        <property name="recentsLimit" value="5" />
        <property name="settings.editor.selected.configurable" value="http.proxy" />
      </component>
      <component name="RunManager">
        <configuration default="true" type="AppEngineRunConfiguration" factoryName="App Engine DevAppServer">
          <module name="" />
          <setting name="serverAddress" value="" />
          <setting name="sdkPath" value="" />
          <setting name="serverPort" value="" />
          <setting name="vmArgs" value="" />
          <setting name="warPath" value="" />
          <setting name="sync" value="false" />
          <setting name="disableUpdateCheck" value="false" />
          <method />
        </configuration>
        <configuration default="true" type="Application" factoryName="Application">
          <extension name="coverage" enabled="false" merge="false" sample_coverage="true" runner="idea" />
          <option name="MAIN_CLASS_NAME" />
          <option name="VM_PARAMETERS" />
          <option name="PROGRAM_PARAMETERS" />
          <option name="WORKING_DIRECTORY" value="$PROJECT_DIR$" />
          <option name="ALTERNATIVE_JRE_PATH_ENABLED" value="false" />
          <option name="ALTERNATIVE_JRE_PATH" />
          <option name="ENABLE_SWING_INSPECTOR" value="false" />
          <option name="ENV_VARIABLES" />
          <option name="PASS_PARENT_ENVS" value="true" />
          <module name="" />
          <envs />
          <method />
        </configuration>
        <configuration default="true" type="GradleRunConfiguration" factoryName="Gradle">
          <ExternalSystemSettings>
            <option name="executionName" />
            <option name="externalProjectPath" />
            <option name="externalSystemIdString" value="GRADLE" />
            <option name="scriptParameters" />
            <option name="taskDescriptions">
              <list />
            </option>
            <option name="taskNames">
              <list />
            </option>
            <option name="vmOptions" />
          </ExternalSystemSettings>
          <method />
        </configuration>
        <configuration default="true" type="GroovyScriptRunConfiguration" factoryName="Groovy">
          <module name="" />
          <setting name="path" value="" />
          <setting name="vmparams" value="" />
          <setting name="params" value="" />
          <setting name="workDir" value="" />
          <setting name="debug" value="false" />
          <method />
        </configuration>
        <configuration default="true" type="JUnit" factoryName="JUnit">
          <extension name="coverage" enabled="false" merge="false" sample_coverage="true" runner="idea" />
          <module name="" />
          <option name="ALTERNATIVE_JRE_PATH_ENABLED" value="false" />
          <option name="ALTERNATIVE_JRE_PATH" />
          <option name="PACKAGE_NAME" />
          <option name="MAIN_CLASS_NAME" />
          <option name="METHOD_NAME" />
          <option name="TEST_OBJECT" value="class" />
          <option name="VM_PARAMETERS" value="-ea" />
          <option name="PARAMETERS" />
          <option name="WORKING_DIRECTORY" value="$PROJECT_DIR$" />
          <option name="ENV_VARIABLES" />
          <option name="PASS_PARENT_ENVS" value="true" />
          <option name="TEST_SEARCH_SCOPE">
            <value defaultName="moduleWithDependencies" />
          </option>
          <envs />
          <patterns />
          <method />
        </configuration>
        <configuration default="true" type="JarApplication" factoryName="JAR Application">
          <extension name="coverage" enabled="false" merge="false" sample_coverage="true" runner="idea" />
          <envs />
          <method />
        </configuration>
        <configuration default="true" type="Remote" factoryName="Remote">
          <option name="USE_SOCKET_TRANSPORT" value="true" />
          <option name="SERVER_MODE" value="false" />
          <option name="SHMEM_ADDRESS" value="javadebug" />
          <option name="HOST" value="localhost" />
          <option name="PORT" value="5005" />
          <method />
        </configuration>
        <configuration default="true" type="TestNG" factoryName="TestNG">
          <extension name="coverage" enabled="false" merge="false" sample_coverage="true" runner="idea" />
          <module name="" />
          <option name="ALTERNATIVE_JRE_PATH_ENABLED" value="false" />
          <option name="ALTERNATIVE_JRE_PATH" />
          <option name="SUITE_NAME" />
          <option name="PACKAGE_NAME" />
          <option name="MAIN_CLASS_NAME" />
          <option name="METHOD_NAME" />
          <option name="GROUP_NAME" />
          <option name="TEST_OBJECT" value="CLASS" />
          <option name="VM_PARAMETERS" value="-ea" />
          <option name="PARAMETERS" />
          <option name="WORKING_DIRECTORY" value="$PROJECT_DIR$" />
          <option name="OUTPUT_DIRECTORY" />
          <option name="ANNOTATION_TYPE" />
          <option name="ENV_VARIABLES" />
          <option name="PASS_PARENT_ENVS" value="true" />
          <option name="TEST_SEARCH_SCOPE">
            <value defaultName="moduleWithDependencies" />
          </option>
          <option name="USE_DEFAULT_REPORTERS" value="false" />
          <option name="PROPERTIES_FILE" />
          <envs />
          <properties />
          <listeners />
          <method />
        </configuration>
        <configuration default="true" type="AndroidTestRunConfigurationType" factoryName="Android Tests">
          <module name="" />
          <option name="TESTING_TYPE" value="0" />
          <option name="INSTRUMENTATION_RUNNER_CLASS" value="" />
          <option name="METHOD_NAME" value="" />
          <option name="CLASS_NAME" value="" />
          <option name="PACKAGE_NAME" value="" />
          <option name="EXTRA_OPTIONS" value="" />
          <option name="TARGET_SELECTION_MODE" value="EMULATOR" />
          <option name="PREFERRED_AVD" value="" />
          <option name="CLEAR_LOGCAT" value="false" />
          <option name="SHOW_LOGCAT_AUTOMATICALLY" value="true" />
          <option name="SKIP_NOOP_APK_INSTALLATIONS" value="true" />
          <option name="FORCE_STOP_RUNNING_APP" value="true" />
          <option name="DEBUGGER_TYPE" value="Java" />
          <option name="USE_LAST_SELECTED_DEVICE" value="false" />
          <option name="PREFERRED_AVD" value="" />
          <option name="SELECTED_CLOUD_MATRIX_CONFIGURATION_ID" value="0" />
          <option name="SELECTED_CLOUD_MATRIX_PROJECT_ID" value="" />
          <Auto>
            <option name="USE_JAVA_AWARE_DEBUGGER" value="false" />
            <option name="WORKING_DIR" value="" />
            <option name="TARGET_LOGGING_CHANNELS" value="lldb process:gdb-remote packets" />
          </Auto>
          <Hybrid>
            <option name="USE_JAVA_AWARE_DEBUGGER" value="false" />
            <option name="WORKING_DIR" value="" />
            <option name="TARGET_LOGGING_CHANNELS" value="lldb process:gdb-remote packets" />
          </Hybrid>
          <Java />
          <Native>
            <option name="USE_JAVA_AWARE_DEBUGGER" value="false" />
            <option name="WORKING_DIR" value="" />
            <option name="TARGET_LOGGING_CHANNELS" value="lldb process:gdb-remote packets" />
          </Native>
          <Profilers>
            <option name="ENABLE_ADVANCED_PROFILING" value="true" />
            <option name="GAPID_ENABLED" value="false" />
            <option name="GAPID_DISABLE_PCS" value="false" />
            <option name="SUPPORT_LIB_ENABLED" value="true" />
            <option name="INSTRUMENTATION_ENABLED" value="true" />
          </Profilers>
          <method />
        </configuration>
        <configuration default="true" type="AndroidRunConfigurationType" factoryName="Android Application">
          <module name="" />
          <option name="DEPLOY" value="true" />
          <option name="ARTIFACT_NAME" value="" />
          <option name="PM_INSTALL_OPTIONS" value="" />
          <option name="ACTIVITY_EXTRA_FLAGS" value="" />
          <option name="MODE" value="default_activity" />
          <option name="TARGET_SELECTION_MODE" value="EMULATOR" />
          <option name="PREFERRED_AVD" value="" />
          <option name="CLEAR_LOGCAT" value="false" />
          <option name="SHOW_LOGCAT_AUTOMATICALLY" value="true" />
          <option name="SKIP_NOOP_APK_INSTALLATIONS" value="true" />
          <option name="FORCE_STOP_RUNNING_APP" value="true" />
          <option name="DEBUGGER_TYPE" value="Java" />
          <option name="USE_LAST_SELECTED_DEVICE" value="false" />
          <option name="PREFERRED_AVD" value="" />
          <option name="SELECTED_CLOUD_MATRIX_CONFIGURATION_ID" value="0" />
          <option name="SELECTED_CLOUD_MATRIX_PROJECT_ID" value="" />
          <Native>
            <option name="WORKING_DIR" value="" />
            <option name="TARGET_LOGGING_CHANNELS" value="lldb process:gdb-remote packets" />
          </Native>
          <Java />
          <Hybrid>
            <option name="WORKING_DIR" value="" />
            <option name="TARGET_LOGGING_CHANNELS" value="lldb process:gdb-remote packets" />
          </Hybrid>
          <Profilers>
            <option name="GAPID_DISABLE_PCS" value="false" />
          </Profilers>
          <option name="DEEP_LINK" value="" />
          <option name="ACTIVITY_CLASS" value="" />
          <method />
        </configuration>
        <configuration name="&lt;template&gt;" type="Applet" default="true" selected="false">
          <option name="MAIN_CLASS_NAME" />
          <option name="HTML_FILE_NAME" />
          <option name="HTML_USED" value="false" />
          <option name="WIDTH" value="400" />
          <option name="HEIGHT" value="300" />
          <option name="POLICY_FILE" value="$APPLICATION_HOME_DIR$/bin/appletviewer.policy" />
          <option name="VM_PARAMETERS" />
        </configuration>
        <configuration name="&lt;template&gt;" type="#org.jetbrains.idea.devkit.run.PluginConfigurationType" default="true" selected="false">
          <option name="VM_PARAMETERS" value="-Xmx512m -Xms256m -XX:MaxPermSize=250m -ea" />
        </configuration>
        <configuration name="&lt;template&gt;" type="WebApp" default="true" selected="false">
          <Host>localhost</Host>
          <Port>5050</Port>
        </configuration>
      </component>
      <component name="SvnConfiguration">
        <configuration>C:\Users\mazhuang\AppData\Roaming\Subversion</configuration>
      </component>
      <component name="VcsContentAnnotationSettings">
        <option name="myLimit" value="2678400000" />
      </component>
      <component name="masterDetails">
        <states>
          <state key="ProjectJDKs.UI">
            <settings>
              <last-edited>1.8</last-edited>
              <splitter-proportions>
                <option name="proportions">
                  <list>
                    <option value="0.2" />
                  </list>
                </option>
              </splitter-proportions>
            </settings>
          </state>
        </states>
      </component>
    </defaultProject>
  </component>
</application>