<application>
  <component name="SexyEditor">
    <option name="configs">
      <list>
        <BackgroundConfiguration>
          <option name="fileNames">
            <array>
              <option value="C:\Users\dlink\Pictures\Saved Pictures\58e49af6d8176.jpg" />
            </array>
          </option>
          <option name="opacity" value="0.15" />
          <option name="position" value="4" />
          <option name="positionOffset" value="0" />
          <option name="random" value="true" />
          <option name="shrinkValue" value="100" />
        </BackgroundConfiguration>
      </list>
    </option>
  </component>
</application>